{"ts": 1671710249.254025, "x": 0.23826026885623866, "y": -0.15289192583240302, "z": -0.10100456961946697, "std": 3.179544810263471, "roll": 2.5447792387786192, "pitch": 0.004469535693398209, "yaw": 2.8201013674066004, "type": "position_local", "status": 0, "format": "json_v3.1", "log_time": 1721041292811360}